{
    "symbol_information": {
        "00:00:74:9b:ce:9e": 15.797940109303376, 
        "48:5b:39:43:2f:99": 13.990585187245772, 
        "00:22:15:c8:d8:bd": 12.274378153246364, 
        "00:4f:70:20:50:c9": 14.990585187245772, 
        "84:38:38:09:08:dc": 12.512537890441129, 
        "48:5b:39:ba:8d:be": 11.070019654740177, 
        "00:0b:82:6f:c8:94": 15.797940109303376, 
        "b8:5e:7b:62:4d:d8": 17.797940109303376, 
        "90:e6:ba:d9:a8:b3": 13.797940109303376, 
        "00:0b:82:1a:b2:26": 17.797940109303376, 
        "00:0b:82:3c:4d:0f": 15.797940109303376, 
        "50:46:5d:4f:a1:14": 16.797940109303376, 
        "24:fd:52:c3:41:df": 16.21297760858222, 
        "e8:94:f6:d1:51:98": 16.797940109303376, 
        "38:59:f9:dc:60:62": 9.855425603964136, 
        "74:d4:35:fb:6c:1d": 13.797940109303376, 
        "94:d7:71:1c:64:27": 13.21297760858222, 
        "38:48:4c:d1:d7:7a": 10.689415652525208, 
        "b6:01:8c:9f:05:8b": 14.990585187245772, 
        "14:da:e9:ee:8f:c8": 12.274378153246364, 
        "f4:6d:04:91:c5:f9": 12.24335125762574, 
        "f4:6d:04:f0:2f:be": 13.15408391952865, 
        "48:5b:39:ca:98:ff": 13.628015107861065, 
        "28:e1:4c:09:c4:dd": 17.797940109303376, 
        "08:60:6e:7b:99:5b": 14.097500391162285, 
        "00:4f:70:20:53:46": 14.990585187245772, 
        "00:0b:82:16:da:8a": 17.797940109303376, 
        "c8:d7:19:f7:ce:9d": 17.797940109303376, 
        "9c:4e:36:cd:62:28": 10.97776114688819, 
        "00:21:5e:46:5f:a6": 11.29014546910468, 
        "50:46:5d:09:70:f5": 13.097500391162285, 
        "00:0b:82:1e:31:c3": 17.797940109303376, 
        "48:5b:39:c9:d3:e8": 10.371675354601278, 
        "62:84:04:8a:d3:ca": 17.797940109303376, 
        "30:85:a9:f6:18:6c": 11.12551476733188, 
        "00:4f:70:20:a2:c2": 14.990585187245772, 
        "00:4f:70:20:a0:44": 14.990585187245772, 
        "00:22:15:cb:28:c4": 12.990585187245772, 
        "90:72:40:97:92:1a": 15.476012014416014, 
        "1c:6f:65:8a:22:e5": 13.15408391952865, 
        "30:85:a9:45:ba:71": 9.593368965054173, 
        "50:b7:c3:51:d1:f1": 9.363311881666652, 
        "00:e0:4c:4d:14:d4": 13.891049513694856, 
        "d8:50:e6:bd:75:66": 11.915297059941535, 
        "d8:50:e6:bd:75:64": 13.797940109303376, 
        "00:4f:70:20:59:9a": 14.990585187245772, 
        "00:0b:82:17:00:8d": 16.797940109303376, 
        "74:d4:35:fa:65:a5": 13.797940109303376, 
        "00:0b:82:16:da:ed": 17.797940109303376, 
        "00:4f:70:20:65:db": 14.990585187245772, 
        "00:4f:70:20:a0:59": 14.990585187245772, 
        "64:31:50:d1:ea:07": 17.797940109303376, 
        "00:1a:70:8d:f1:67": 16.797940109303376, 
        "90:f6:52:00:9c:6b": 1.7648397885538767, 
        "ba:64:34:a0:82:96": 17.797940109303376, 
        "36:fa:63:19:6a:9f": 16.797940109303376, 
        "00:4f:70:20:a0:66": 14.990585187245772, 
        "d8:50:e6:bd:75:6b": 9.94619106788732, 
        "40:f3:08:0d:ad:7d": 16.21297760858222, 
        "00:4f:70:20:a0:68": 14.990585187245772, 
        "00:26:18:ca:b4:8b": 14.097500391162285, 
        "d8:50:e6:bd:75:78": 13.990585187245772, 
        "00:0b:82:30:15:1b": 17.797940109303376, 
        "50:e5:49:3c:cf:77": 13.097500391162285, 
        "d8:50:e6:bd:75:74": 12.843743798916503, 
        "58:a2:b5:c4:c2:8e": 13.710477268053038, 
        "20:cf:30:c8:4e:8c": 13.628015107861065, 
        "00:1a:70:63:fe:b5": 10.371675354601278, 
        "00:1a:70:5a:74:c3": 16.21297760858222, 
        "1c:c1:de:34:4e:c3": 13.990585187245772, 
        "b8:af:67:a3:5f:4b": 12.097500391162285, 
        "00:4f:70:20:59:94": 14.990585187245772, 
        "00:15:f2:0d:33:c7": 15.476012014416014, 
        "00:4f:70:20:5a:b6": 14.990585187245772, 
        "20:6e:9c:08:c6:5b": 14.21297760858222, 
        "48:5b:39:39:53:74": 1.8797756603471183, 
        "00:25:90:d5:35:c0": 14.33850849066608, 
        "50:b7:c3:05:12:2d": 8.81780053166422, 
        "d4:c9:ef:5a:27:ba": 15.797940109303376, 
        "48:5b:39:43:2f:c9": 1.2624520869395555, 
        "d8:50:e6:bd:75:e4": 13.990585187245772, 
        "00:0b:82:16:d5:af": 16.797940109303376, 
        "c6:e3:e2:76:79:28": 17.797940109303376, 
        "00:1f:c6:b3:e8:31": 12.440388104685294, 
        "c8:d7:19:b7:31:f6": 16.21297760858222, 
        "00:11:f5:31:5c:bf": 9.731850918845604, 
        "20:cf:30:b4:77:b8": 13.15408391952865, 
        "00:4f:70:20:66:a3": 14.990585187245772, 
        "00:0b:82:16:da:89": 17.797940109303376, 
        "00:0b:82:45:6b:32": 15.21297760858222, 
        "90:e6:ba:e3:98:27": 12.043052607139908, 
        "10:bf:48:73:5a:98": 13.405622686524616, 
        "00:00:74:bd:4e:c8": 11.29014546910468, 
        "00:0b:82:1d:01:35": 17.797940109303376, 
        "00:0b:82:1d:01:32": 17.797940109303376, 
        "00:0b:82:1d:01:30": 17.797940109303376, 
        "00:0b:82:1d:01:31": 17.797940109303376, 
        "44:31:92:44:6a:b4": 16.21297760858222, 
        "00:0b:82:1a:b1:53": 17.797940109303376, 
        "00:0b:82:1d:02:42": 17.797940109303376, 
        "7c:fa:df:8c:bb:89": 13.710477268053038, 
        "00:0b:82:1a:b1:50": 17.797940109303376
    }, 
    "source_entropy": 1.7424105300432393, 
    "symbol_frequency": {
        "00:00:74:9b:ce:9e": 1.7552790015973037e-05, 
        "48:5b:39:43:2f:99": 6.143476505590564e-05, 
        "00:22:15:c8:d8:bd": 0.00020185708518368994, 
        "00:4f:70:20:50:c9": 3.071738252795282e-05, 
        "84:38:38:09:08:dc": 0.00017113970265573712, 
        "48:5b:39:ba:8d:be": 0.0004651489354232855, 
        "00:0b:82:6f:c8:94": 1.7552790015973037e-05, 
        "b8:5e:7b:62:4d:d8": 4.388197503993259e-06, 
        "90:e6:ba:d9:a8:b3": 7.021116006389215e-05, 
        "00:0b:82:1a:b2:26": 4.388197503993259e-06, 
        "00:0b:82:3c:4d:0f": 1.7552790015973037e-05, 
        "50:46:5d:4f:a1:14": 8.776395007986519e-06, 
        "24:fd:52:c3:41:df": 1.3164592511979779e-05, 
        "e8:94:f6:d1:51:98": 8.776395007986519e-06, 
        "38:59:f9:dc:60:62": 0.001079496585982342, 
        "74:d4:35:fb:6c:1d": 7.021116006389215e-05, 
        "94:d7:71:1c:64:27": 0.00010531674009583823, 
        "38:48:4c:d1:d7:7a": 0.0006055712555510698, 
        "b6:01:8c:9f:05:8b": 3.071738252795282e-05, 
        "14:da:e9:ee:8f:c8": 0.00020185708518368994, 
        "f4:6d:04:91:c5:f9": 0.0002062452826876832, 
        "f4:6d:04:f0:2f:be": 0.00010970493759983149, 
        "48:5b:39:ca:98:ff": 7.898755507187867e-05, 
        "28:e1:4c:09:c4:dd": 4.388197503993259e-06, 
        "08:60:6e:7b:99:5b": 5.704656755191238e-05, 
        "00:4f:70:20:53:46": 3.071738252795282e-05, 
        "00:0b:82:16:da:8a": 4.388197503993259e-06, 
        "c8:d7:19:f7:ce:9d": 4.388197503993259e-06, 
        "9c:4e:36:cd:62:28": 0.0004958663179512383, 
        "00:21:5e:46:5f:a6": 0.00039932597286338665, 
        "50:46:5d:09:70:f5": 0.00011409313510382475, 
        "00:0b:82:1e:31:c3": 4.388197503993259e-06, 
        "48:5b:39:c9:d3:e8": 0.0007547699706868407, 
        "62:84:04:8a:d3:ca": 4.388197503993259e-06, 
        "30:85:a9:f6:18:6c": 0.00044759614540731247, 
        "00:4f:70:20:a2:c2": 3.071738252795282e-05, 
        "00:4f:70:20:a0:44": 3.071738252795282e-05, 
        "00:22:15:cb:28:c4": 0.00012286953011181128, 
        "90:72:40:97:92:1a": 2.19409875199663e-05, 
        "1c:6f:65:8a:22:e5": 0.00010970493759983149, 
        "00:0b:82:45:6b:32": 2.6329185023959558e-05, 
        "30:85:a9:45:ba:71": 0.0012945182636780116, 
        "50:b7:c3:51:d1:f1": 0.0015183163363816678, 
        "00:e0:4c:4d:14:d4": 6.58229625598989e-05, 
        "d8:50:e6:bd:75:66": 0.00025890365273560233, 
        "d8:50:e6:bd:75:64": 7.021116006389215e-05, 
        "00:4f:70:20:59:9a": 3.071738252795282e-05, 
        "00:0b:82:17:00:8d": 8.776395007986519e-06, 
        "74:d4:35:fa:65:a5": 7.021116006389215e-05, 
        "00:0b:82:16:da:ed": 4.388197503993259e-06, 
        "00:4f:70:20:65:db": 3.071738252795282e-05, 
        "00:4f:70:20:a0:59": 3.071738252795282e-05, 
        "64:31:50:d1:ea:07": 4.388197503993259e-06,