{
    "symbol_information": {
        "00:00:00:00:00:00": 6.11349837141206, 
        "00:18:e7:4c:5d:b6": 9.451368010168444, 
        "5d:9b:81:00:00:02": 16.79121801305307, 
        "78:1e:81:00:00:02": 15.054252418886861, 
        "18:a9:05:fc:46:27": 11.38749582700206, 
        "68:a3:c4:2b:6f:c8": 8.906538696534708, 
        "5d:b6:81:00:00:02": 17.376180513774226, 
        "b8:c6:8e:a9:7b:43": 14.791218013053069, 
        "f8:cf:c5:c3:c4:f2": 13.568825591716621, 
        "00:06:25:e9:cd:97": 0.8571739804352845, 
        "94:db:c9:4b:78:1e": 1.2619806608777437, 
        "46:27:81:00:00:02": 17.376180513774226, 
        "00:06:25:e9:cd:99": 16.376180513774226, 
        "00:24:2c:71:97:18": 6.342413398927834, 
        "97:18:81:00:00:02": 12.568825591716621
    }, 
    "source_entropy": 1.2068618358885632, 
    "symbol_frequency": {
        "00:00:00:00:00:00": 0.014442873643959946, 
        "00:18:e7:4c:5d:b6": 0.0014284160746773572, 
        "5d:9b:81:00:00:02": 8.817383177020724e-06, 
        "78:1e:81:00:00:02": 2.9391277256735745e-05, 
        "18:a9:05:fc:46:27": 0.000373269221160544, 
        "68:a3:c4:2b:6f:c8": 0.0020838415575025644, 
        "5d:b6:81:00:00:02": 5.878255451347149e-06, 
        "b8:c6:8e:a9:7b:43": 3.52695327080829e-05, 
        "f8:cf:c5:c3:c4:f2": 8.229557631886009e-05, 
        "00:06:25:e9:cd:97": 0.5520328476914621, 
        "94:db:c9:4b:78:1e": 0.41697111131358433, 
        "46:27:81:00:00:02": 5.878255451347149e-06, 
        "00:06:25:e9:cd:99": 1.1756510902694298e-05, 
        "00:24:2c:71:97:18": 0.012323762553749298, 
        "97:18:81:00:00:02": 0.00016459115263772018
    }
}