{
    "symbol_information": {
        "b4:b5:2f:ff:05:a2": 9.50573522690633, 
        "c8:9c:1d:d5:57:4a": 14.206174945047422, 
        "d4:be:d9:69:7c:21": 6.041268018371734, 
        "d4:be:d9:70:49:dd": 10.884246850160059, 
        "5c:26:0a:3e:5f:b3": 6.651586093369785, 
        "00:00:0c:07:ac:01": 3.9184625654979723, 
        "b4:e9:b0:01:f2:cc": 14.206174945047422, 
        "ec:f4:bb:09:29:37": 6.788322430161524, 
        "d4:85:64:ab:cb:d7": 8.183807132018966, 
        "00:24:e8:ec:6c:13": 11.398820022989819, 
        "64:00:f1:da:35:2f": 6.857446790816344, 
        "c8:9c:1d:d5:c9:a2": 14.206174945047422, 
        "54:75:d0:11:33:ae": 9.299284349438903, 
        "f0:29:29:5a:1a:e0": 14.206174945047422, 
        "d4:be:d9:6d:16:e2": 8.161780825688968, 
        "f0:29:29:5a:1b:cc": 14.206174945047422, 
        "f0:29:29:5a:1b:cb": 14.206174945047422, 
        "00:21:cc:c8:df:a9": 9.161780825688968, 
        "c8:9c:1d:d5:51:26": 14.206174945047422, 
        "44:87:fc:1d:6e:39": 4.456305517650578, 
        "00:14:c2:be:6f:f6": 13.206174945047422, 
        "b4:e9:b0:01:f2:88": 14.206174945047422, 
        "78:e7:d1:cb:94:e3": 11.036249943605108, 
        "00:60:b0:b8:06:99": 13.206174945047422, 
        "00:80:91:46:b7:2b": 7.636319336716475, 
        "00:11:85:f5:d6:9a": 9.958247431603835, 
        "ec:f4:bb:06:2e:4a": 9.251978634660547, 
        "f0:29:29:5a:32:75": 14.206174945047422, 
        "00:60:b0:bf:88:7d": 9.299284349438903, 
        "d4:be:d9:6d:73:ad": 8.884246850160059, 
        "04:7d:7b:d4:77:c6": 8.920772726185174, 
        "00:13:60:4e:87:ff": 3.843135314790907, 
        "f0:29:29:5a:1c:5b": 14.206174945047422, 
        "00:90:f5:c6:8b:64": 6.006502600211058, 
        "00:40:af:85:41:9f": 4.974953764336236, 
        "d4:be:d9:6d:73:bd": 8.562318755272697, 
        "1c:c1:de:5d:5a:b9": 8.161780825688968, 
        "00:0f:fe:21:d7:a2": 11.036249943605108, 
        "00:21:85:0f:84:63": 9.03624994360511, 
        "f0:de:f1:90:a1:7d": 6.967770205722343, 
        "c8:9c:1d:d5:56:bf": 14.206174945047422, 
        "00:04:f2:ed:7d:b2": 12.621212444326266, 
        "78:2b:cb:bc:43:ac": 9.251978634660547, 
        "f0:29:29:5a:1b:89": 14.206174945047422, 
        "f0:29:29:5a:1a:67": 14.206174945047422, 
        "f0:29:29:5a:1b:e2": 14.206174945047422, 
        "00:19:bb:e1:60:34": 11.884246850160059, 
        "f0:29:29:5a:1a:68": 14.206174945047422, 
        "f0:1f:af:0c:46:df": 9.03624994360511, 
        "74:86:7a:6f:0a:cb": 9.206174945047422, 
        "5c:26:0a:3c:b6:18": 5.746743326410125, 
        "c8:9c:1d:d5:c1:2f": 14.206174945047422, 
        "00:04:f2:f5:87:2f": 12.621212444326266, 
        "00:00:00:00:00:00": 5.299284349438904, 
        "c8:9c:1d:a3:a2:ba": 14.206174945047422, 
        "f0:29:29:5a:1f:16": 14.206174945047422, 
        "00:24:e8:da:db:1e": 9.251978634660547, 
        "e8:ba:70:07:34:32": 13.206174945047422, 
        "00:26:b9:ea:a0:98": 9.251978634660547, 
        "c8:9c:1d:b5:ba:d8": 14.206174945047422, 
        "c8:9c:1d:b6:13:55": 14.206174945047422, 
        "f0:29:29:5a:1c:3e": 14.206174945047422, 
        "04:7d:7b:d4:76:de": 3.609053516257853, 
        "20:bb:c0:20:43:a9": 11.884246850160059, 
        "00:1e:0b:e5:26:ef": 14.206174945047422, 
        "78:2b:cb:bc:43:a6": 9.161780825688968, 
        "f0:29:29:5a:1c:44": 14.206174945047422, 
        "c8:9c:1d:b6:03:1b": 14.206174945047422, 
        "04:7d:7b:d4:76:f5": 10.746743326410124, 
        "00:13:c3:17:2d:7f": 3.273222052852707, 
        "f0:29:29:5a:1c:6c": 14.206174945047422, 
        "f0:1f:af:39:5a:b6": 7.129359347996591, 
        "f0:29:29:5a:1c:bd": 14.206174945047422, 
        "00:40:af:84:ed:67": 4.974953764336236, 
        "d4:85:64:9b:c2:33": 7.866324942162797, 
        "f0:29:29:5a:1c:6d": 14.206174945047422, 
        "c8:9c:1d:a3:a2:b1": 14.206174945047422, 
        "00:50:b6:5c:3b:92": 7.150892509546233, 
        "64:00:f1:da:21:a6": 14.206174945047422, 
        "20:bb:c0:92:c7:d8": 10.746743326410124, 
        "00:21:cc:6b:0c:cf": 7.621212444326266, 
        "5c:26:0a:3e:d7:3e": 9.076891928102455, 
        "5c:26:0a:0c:50:31": 7.651586093369785, 
        "d4:85:64:a0:bd:64": 8.779910190345324, 
        "00:13:c4:22:c7:10": 3.4020439238641043, 
        "5c:26:0a:3f:47:fa": 8.746743326410124, 
        "00:24:e8:92:fc:53": 9.251978634660547, 
        "20:bb:c0:20:41:c7": 10.398820022989819, 
        "1c:c1:de:5d:54:c5": 11.036249943605108, 
        "c8:9c:1d:d5:51:7a": 14.206174945047422, 
        "00:04:f2:ee:a0:6b": 12.621212444326266, 
        "78:e7:d1:55:e2:3f": 11.206174945047422, 
        "00:1d:92:e0:40:41": 4.446286761825587, 
        "00:21:cc:c8:e6:1a": 6.251978634660547, 
        "9c:af:ca:00:34:30": 9.299284349438903, 
        "f0:29:29:5a:1a:4a": 14.206174945047422, 
        "f0:29:29:5a:1b:ef": 14.206174945047422, 
        "28:d2:44:af:d6:bf": 6.519674417864204, 
        "f0:29:29:5a:1a:4f": 14.206174945047422, 
        "f0:29:29:5a:1b:f9": 14.206174945047422, 
        "f0:29:29:5a:1d:74": 14.206174945047422, 
        "64:00:f1:da:31:d5": 14.206174945047422, 
        "f0:29:29:5a:1c:c9": 14.206174945047422, 
        "f0:29:29:5a:1c:77": 14.206174945047422, 
        "00:26:b9:f4:47:c5": 7.562318755272697, 
        "b4:e9:b0:01:f1:4c": 14.206174945047422, 
        "f0:29:29:5a:1c:c6": 14.206174945047422, 
        "20:bb:c0:20:0e:ac": 10.50573522690633, 
        "b4:e9:b0:01:f3:10": 14.206174945047422, 
        "00:13:80:28:20:9c": 9.299284349438903, 
        "00:23:24:6f:e9:9d": 8.714321848717749, 
        "00:90:f5:dd:ac:97": 3.8398527308016064, 
        "f0:29:29:5a:1a:6b": 14.206174945047422, 
        "ec:f4:bb:1b:41:21": 7.206174945047422, 
        "00:13:80:28:20:bf": 9.299284349438903, 
        "f0:1f:af:16:62:03": 7.651586093369785, 
        "54:ee:75:12:3b:46": 4.659280485159785, 
        "c8:9c:1d:a3:a6:9e": 14.206174945047422, 
        "d4:be:d9:6b:3f:71": 8.076891928102455, 
        "d4:be:d9:69:89:21": 4.37328493088268, 
        "ec:f4:bb:06:15:8c": 8.251978634660547, 
        "64:00:f1:da:2a:12": 14.206174945047422, 
        "5c:26:0a:3c:a2:3f": 8.097650488269252, 
        "d4:be:d9:6d:74:44": 11.884246850160059, 
        "c8:9c:1d:a3:a6:90": 14.206174945047422, 
        "20:bb:c0:20:43:10": 10.299284349438903, 
        "f0:29:29:5a:1d:76": 14.206174945047422, 
        "f0:29:29:5a:1b:aa": 14.206174945047422, 
        "d4:85:64:99:cf:19": 8.996721579418471, 
        "64:00:f1:da:18:41": 14.206174945047422, 
        "00:1e:0b:26:ae:f0": 7.866324942162797, 
        "64:00:f1:da:35:85": 14.206174945047422, 
        "ec:f4:bb:05:d1:cc": 7.621212444326266, 
        "20:bb:c0:20:43:0f": 10.50573522690633
    }, 
    "source_entropy": 4.853202289794021, 
    "symbol_frequency": {
        "b4:b5:2f:ff:05:a2": 0.0013755885931961273, 
        "c8:9c:1d:d5:57:4a": 5.290725358446643e-05, 
        "d4:be:d9:69:7c:21": 0.015184381778741865, 
        "d4:be:d9:70:49:dd": 0.0005290725358446643, 
        "04:7d:7b:d4:77:c6": 0.002063382889794191, 
        "ec:f4:bb:1b:41:21": 0.006772128458811703, 
        "b4:e9:b0:01:f2:cc": 5.290725358446643e-05, 
        "ec:f4:bb:09:29:37": 0.009047140362943759, 
        "d4:85:64:ab:cb:d7": 0.003438971482990318, 
        "00:24:e8:ec:6c:13": 0.000370350775091265, 
        "64:00:f1:da:35:2f": 0.008623882334268028, 
        "c8:9c:1d:d5:c9:a2": 5.290725358446643e-05, 
        "f0:1f:af:0c:46:df": 0.0019046611290407915, 
        "54:75:d0:11:33:ae": 0.0015872176075339929, 
        "f0:29:29:5a:1a:e0": 5.290725358446643e-05, 
        "d4:be:d9:6d:16:e2": 0.0034918787365747846, 
        "f0:29:29:5a:1b:cc": 5.290725358446643e-05, 
        "f0:29:29:5a:1b:cb": 5.290725358446643e-05, 
        "00:21:cc:c8:df:a9": 0.0017459393682873923, 
        "c8:9c:1d:d5:51:26": 5.290725358446643e-05, 
        "44:87:fc:1d:6e:39": 0.0455531453362256, 
        "00:14:c2:be:6f:f6": 0.00010581450716893285, 
        "b4:e9:b0:01:f2:88": 5.290725358446643e-05, 
        "78:e7:d1:cb:94:e3": 0.00047616528226019787,